Model,Condition,UAS (%),LAS (%),Scoring tokens
gpt_oss_120b,zero_shot,75.0932,64.6650,21998
gpt_oss_120b,few_shot_fixed,76.5206,67.3152,21998
gpt_oss_120b,few_shot_retrieval,80.4164,72.4020,21998
gpt_oss_120b,semantic_retrieval,79.5981,70.5337,21998
gpt_oss_120b,cot_few_shot,78.5617,69.9609,21998
gpt_oss_120b,critique_refine,79.1436,70.4019,21998
qwen25_72b,zero_shot,75.6887,62.8694,21998
qwen25_72b,few_shot_fixed,76.2706,65.3150,21998
qwen25_72b,few_shot_retrieval,82.0620,73.1794,21998
qwen25_72b,semantic_retrieval,80.7892,70.4973,21998
qwen25_72b,cot_few_shot,72.4475,61.6874,21998
qwen25_72b,critique_refine,74.6250,63.5876,21998
