Model,Metric,Value
gpt_oss_120b,analyzed_sentences,2077
gpt_oss_120b,analyzed_tokens,21998
gpt_oss_120b,changed,2260
gpt_oss_120b,wrong_to_correct,703
gpt_oss_120b,correct_to_wrong,606
gpt_oss_120b,wrong_to_different_wrong,951
gpt_oss_120b,net_correct,97
gpt_oss_120b,conditional_change,0.004409491771979271
gpt_oss_120b,full_corpus_change,0.004409491771979271
qwen25_72b,analyzed_sentences,2074
qwen25_72b,analyzed_tokens,21801
qwen25_72b,changed,2084
qwen25_72b,wrong_to_correct,756
qwen25_72b,correct_to_wrong,338
qwen25_72b,wrong_to_different_wrong,990
qwen25_72b,net_correct,418
qwen25_72b,conditional_change,0.01917343241135728
qwen25_72b,full_corpus_change,0.019001727429766344
