Model,First,Second,Status,LAS diff (pp),CI lower,CI upper,Raw p,Holm p (15),Primary Holm p (4)
gpt_oss_120b,zero_shot,few_shot_fixed,exploratory,-2.6502409309937267,-3.493166550576586,-1.813688505832147,0.00019998000199980003,0.0029997000299970007,
gpt_oss_120b,zero_shot,few_shot_retrieval,exploratory,-7.737067006091462,-8.622556348819217,-6.8611885597766635,0.00019998000199980003,0.0029997000299970007,
gpt_oss_120b,zero_shot,semantic_retrieval,exploratory,-5.868715337757978,-6.729259791679108,-4.9941929757764205,0.00019998000199980003,0.0029997000299970007,
gpt_oss_120b,zero_shot,cot_few_shot,exploratory,-5.2959359941812885,-6.187216969560906,-4.405057452098746,0.00019998000199980003,0.0029997000299970007,
gpt_oss_120b,zero_shot,critique_refine,exploratory,-5.736885171379217,-6.567152774348106,-4.865390382293167,0.00019998000199980003,0.0029997000299970007,
gpt_oss_120b,few_shot_fixed,few_shot_retrieval,primary,-5.086826075097736,-5.979765382812038,-4.209122796766291,0.00019998000199980003,0.0029997000299970007,0.0007999200079992001
gpt_oss_120b,few_shot_fixed,semantic_retrieval,exploratory,-3.2184744067642512,-4.074274835017292,-2.3653327059374534,0.00019998000199980003,0.0029997000299970007,
gpt_oss_120b,few_shot_fixed,cot_few_shot,exploratory,-2.6456950631875626,-3.4294550979557608,-1.8342596167520449,0.00019998000199980003,0.0029997000299970007,
gpt_oss_120b,few_shot_fixed,critique_refine,exploratory,-3.0866442403854895,-3.8364849591004306,-2.3242859301987004,0.00019998000199980003,0.0029997000299970007,
gpt_oss_120b,few_shot_retrieval,semantic_retrieval,primary,1.8683516683334849,1.0607685691464117,2.6884780111678963,0.00019998000199980003,0.0029997000299970007,0.0007999200079992001
gpt_oss_120b,few_shot_retrieval,cot_few_shot,exploratory,2.4411310119101737,1.5390869083264285,3.3361491469147078,0.00019998000199980003,0.0029997000299970007,
gpt_oss_120b,few_shot_retrieval,critique_refine,exploratory,2.000181834712247,1.1196877852468816,2.8860109471883537,0.00019998000199980003,0.0029997000299970007,
gpt_oss_120b,semantic_retrieval,cot_few_shot,exploratory,0.5727793435766888,-0.32610274908408066,1.4842033962906047,0.205979402059794,0.411958804119588,
gpt_oss_120b,semantic_retrieval,critique_refine,exploratory,0.13183016637876172,-0.7225823423494526,0.9851358519905379,0.7599240075992401,0.7599240075992401,
gpt_oss_120b,cot_few_shot,critique_refine,exploratory,-0.4409491771979271,-0.9082849435067564,0.0221187115676427,0.0633936606339366,0.19018098190180982,
qwen25_72b,zero_shot,few_shot_fixed,exploratory,-2.4456768797163377,-3.141866036842185,-1.749238077507737,0.00019998000199980003,0.0029997000299970007,
qwen25_72b,zero_shot,few_shot_retrieval,exploratory,-10.310028184380398,-11.127388694898805,-9.523154492382,0.00019998000199980003,0.0029997000299970007,
qwen25_72b,zero_shot,semantic_retrieval,exploratory,-7.627966178743523,-8.44427012790904,-6.84643865442819,0.00019998000199980003,0.0029997000299970007,
qwen25_72b,zero_shot,cot_few_shot,exploratory,1.1819256296026912,0.21377274533036783,2.21506456240856,0.015798420157984203,0.031596840315968405,
qwen25_72b,zero_shot,critique_refine,exploratory,-0.7182471133739431,-1.6440310552957966,0.2837811658173221,0.1483851614838516,0.1483851614838516,
qwen25_72b,few_shot_fixed,few_shot_retrieval,primary,-7.86435130466406,-8.708102843662695,-7.047414077475301,0.00019998000199980003,0.0029997000299970007,0.0007999200079992001
qwen25_72b,few_shot_fixed,semantic_retrieval,exploratory,-5.182289299027184,-6.0503290920873365,-4.345784560029708,0.00019998000199980003,0.0029997000299970007,
qwen25_72b,few_shot_fixed,cot_few_shot,exploratory,3.627602509319029,2.628967461585275,4.68887682488229,0.00019998000199980003,0.0029997000299970007,
qwen25_72b,few_shot_fixed,critique_refine,exploratory,1.7274297663423948,0.7657309693143863,2.790313529805195,0.00039996000399960006,0.0029997000299970007,
qwen25_72b,few_shot_retrieval,semantic_retrieval,primary,2.682062005636876,1.970909497763878,3.409455703059568,0.00019998000199980003,0.0029997000299970007,0.0007999200079992001
qwen25_72b,few_shot_retrieval,cot_few_shot,exploratory,11.49195381398309,10.446593511611278,12.625921339689782,0.00019998000199980003,0.0029997000299970007,
qwen25_72b,few_shot_retrieval,critique_refine,exploratory,9.591781071006455,8.563321258584743,10.706097577557808,0.00019998000199980003,0.0029997000299970007,
qwen25_72b,semantic_retrieval,cot_few_shot,exploratory,8.809891808346213,7.783475908260791,9.893987475219634,0.00019998000199980003,0.0029997000299970007,
qwen25_72b,semantic_retrieval,critique_refine,exploratory,6.909719065369579,5.903237182720522,7.968698852122662,0.00019998000199980003,0.0029997000299970007,
qwen25_72b,cot_few_shot,critique_refine,exploratory,-1.9001727429766344,-2.2793877712028605,-1.529959219437638,0.00019998000199980003,0.0029997000299970007,
