Metric path,Value
gpt_oss_120b/zero_shot/archive_records,2077
gpt_oss_120b/zero_shot/schema_valid,2077
gpt_oss_120b/zero_shot/absent,0
gpt_oss_120b/zero_shot/validation_failures,0
gpt_oss_120b/zero_shot/exact_token_inventory,2066
gpt_oss_120b/zero_shot/root_conforming,2072
gpt_oss_120b/zero_shot/root_warnings,5
gpt_oss_120b/zero_shot/legal_heads,2077
gpt_oss_120b/zero_shot/self_loop_free,2074
gpt_oss_120b/zero_shot/acyclic_and_connected,2017
gpt_oss_120b/zero_shot/fully_tree_conforming,2017
gpt_oss_120b/few_shot_fixed/archive_records,2077
gpt_oss_120b/few_shot_fixed/schema_valid,2077
gpt_oss_120b/few_shot_fixed/absent,0
gpt_oss_120b/few_shot_fixed/validation_failures,0
gpt_oss_120b/few_shot_fixed/exact_token_inventory,2070
gpt_oss_120b/few_shot_fixed/root_conforming,2076
gpt_oss_120b/few_shot_fixed/root_warnings,1
gpt_oss_120b/few_shot_fixed/legal_heads,2077
gpt_oss_120b/few_shot_fixed/self_loop_free,2077
gpt_oss_120b/few_shot_fixed/acyclic_and_connected,2035
gpt_oss_120b/few_shot_fixed/fully_tree_conforming,2035
gpt_oss_120b/few_shot_retrieval/archive_records,2077
gpt_oss_120b/few_shot_retrieval/schema_valid,2077
gpt_oss_120b/few_shot_retrieval/absent,0
gpt_oss_120b/few_shot_retrieval/validation_failures,0
gpt_oss_120b/few_shot_retrieval/exact_token_inventory,2074
gpt_oss_120b/few_shot_retrieval/root_conforming,2076
gpt_oss_120b/few_shot_retrieval/root_warnings,1
gpt_oss_120b/few_shot_retrieval/legal_heads,2077
gpt_oss_120b/few_shot_retrieval/self_loop_free,2077
gpt_oss_120b/few_shot_retrieval/acyclic_and_connected,2005
gpt_oss_120b/few_shot_retrieval/fully_tree_conforming,2005
gpt_oss_120b/semantic_retrieval/archive_records,2077
gpt_oss_120b/semantic_retrieval/schema_valid,2077
gpt_oss_120b/semantic_retrieval/absent,0
gpt_oss_120b/semantic_retrieval/validation_failures,0
gpt_oss_120b/semantic_retrieval/exact_token_inventory,2070
gpt_oss_120b/semantic_retrieval/root_conforming,2074
gpt_oss_120b/semantic_retrieval/root_warnings,3
gpt_oss_120b/semantic_retrieval/legal_heads,2077
gpt_oss_120b/semantic_retrieval/self_loop_free,2074
gpt_oss_120b/semantic_retrieval/acyclic_and_connected,2009
gpt_oss_120b/semantic_retrieval/fully_tree_conforming,2009
gpt_oss_120b/cot_few_shot/archive_records,2077
gpt_oss_120b/cot_few_shot/schema_valid,2077
gpt_oss_120b/cot_few_shot/absent,0
gpt_oss_120b/cot_few_shot/validation_failures,0
gpt_oss_120b/cot_few_shot/exact_token_inventory,2067
gpt_oss_120b/cot_few_shot/root_conforming,2075
gpt_oss_120b/cot_few_shot/root_warnings,2
gpt_oss_120b/cot_few_shot/legal_heads,2076
gpt_oss_120b/cot_few_shot/self_loop_free,2076
gpt_oss_120b/cot_few_shot/acyclic_and_connected,2044
gpt_oss_120b/cot_few_shot/fully_tree_conforming,2044
gpt_oss_120b/critique_refine/archive_records,2077
gpt_oss_120b/critique_refine/schema_valid,2077
gpt_oss_120b/critique_refine/absent,0
gpt_oss_120b/critique_refine/validation_failures,0
gpt_oss_120b/critique_refine/exact_token_inventory,2070
gpt_oss_120b/critique_refine/root_conforming,2075
gpt_oss_120b/critique_refine/root_warnings,2
gpt_oss_120b/critique_refine/legal_heads,2076
gpt_oss_120b/critique_refine/self_loop_free,2077
gpt_oss_120b/critique_refine/acyclic_and_connected,2031
gpt_oss_120b/critique_refine/fully_tree_conforming,2031
qwen25_72b/zero_shot/archive_records,2077
qwen25_72b/zero_shot/schema_valid,2071
qwen25_72b/zero_shot/absent,0
qwen25_72b/zero_shot/validation_failures,6
qwen25_72b/zero_shot/exact_token_inventory,2066
qwen25_72b/zero_shot/root_conforming,2059
qwen25_72b/zero_shot/root_warnings,12
qwen25_72b/zero_shot/legal_heads,2071
qwen25_72b/zero_shot/self_loop_free,2071
qwen25_72b/zero_shot/acyclic_and_connected,2017
qwen25_72b/zero_shot/fully_tree_conforming,2017
qwen25_72b/few_shot_fixed/archive_records,2077
qwen25_72b/few_shot_fixed/schema_valid,2076
qwen25_72b/few_shot_fixed/absent,0
qwen25_72b/few_shot_fixed/validation_failures,1
qwen25_72b/few_shot_fixed/exact_token_inventory,2071
qwen25_72b/few_shot_fixed/root_conforming,2062
qwen25_72b/few_shot_fixed/root_warnings,14
qwen25_72b/few_shot_fixed/legal_heads,2076
qwen25_72b/few_shot_fixed/self_loop_free,2076
qwen25_72b/few_shot_fixed/acyclic_and_connected,2044
qwen25_72b/few_shot_fixed/fully_tree_conforming,2044
qwen25_72b/few_shot_retrieval/archive_records,2077
qwen25_72b/few_shot_retrieval/schema_valid,2076
qwen25_72b/few_shot_retrieval/absent,0
qwen25_72b/few_shot_retrieval/validation_failures,1
qwen25_72b/few_shot_retrieval/exact_token_inventory,2075
qwen25_72b/few_shot_retrieval/root_conforming,2070
qwen25_72b/few_shot_retrieval/root_warnings,6
qwen25_72b/few_shot_retrieval/legal_heads,2076
qwen25_72b/few_shot_retrieval/self_loop_free,2076
qwen25_72b/few_shot_retrieval/acyclic_and_connected,2054
qwen25_72b/few_shot_retrieval/fully_tree_conforming,2054
qwen25_72b/semantic_retrieval/archive_records,2077
qwen25_72b/semantic_retrieval/schema_valid,2077
qwen25_72b/semantic_retrieval/absent,0
qwen25_72b/semantic_retrieval/validation_failures,0
qwen25_72b/semantic_retrieval/exact_token_inventory,2074
qwen25_72b/semantic_retrieval/root_conforming,2073
qwen25_72b/semantic_retrieval/root_warnings,4
qwen25_72b/semantic_retrieval/legal_heads,2077
qwen25_72b/semantic_retrieval/self_loop_free,2077
qwen25_72b/semantic_retrieval/acyclic_and_connected,2058
qwen25_72b/semantic_retrieval/fully_tree_conforming,2058
qwen25_72b/cot_few_shot/archive_records,2077
qwen25_72b/cot_few_shot/schema_valid,2074
qwen25_72b/cot_few_shot/absent,0
qwen25_72b/cot_few_shot/validation_failures,3
qwen25_72b/cot_few_shot/exact_token_inventory,2067
qwen25_72b/cot_few_shot/root_conforming,2071
qwen25_72b/cot_few_shot/root_warnings,3
qwen25_72b/cot_few_shot/legal_heads,2074
qwen25_72b/cot_few_shot/self_loop_free,2074
qwen25_72b/cot_few_shot/acyclic_and_connected,2013
qwen25_72b/cot_few_shot/fully_tree_conforming,2013
qwen25_72b/critique_refine/archive_records,2074
qwen25_72b/critique_refine/schema_valid,2074
qwen25_72b/critique_refine/absent,3
qwen25_72b/critique_refine/validation_failures,0
qwen25_72b/critique_refine/exact_token_inventory,2068
qwen25_72b/critique_refine/root_conforming,2069
qwen25_72b/critique_refine/root_warnings,5
qwen25_72b/critique_refine/legal_heads,2074
qwen25_72b/critique_refine/self_loop_free,2074
qwen25_72b/critique_refine/acyclic_and_connected,2028
qwen25_72b/critique_refine/fully_tree_conforming,2028
